<?xml version="1.0" encoding="UTF-8"?>
<!DOCTYPE suite SYSTEM "https://testng.org/testng-1.0.dtd">
<suite name="Suite" parallel="classes">
  <listeners> 
  	<listener class-name="org.uncommons.reportng.HTMLReporter"/> 
  	<listener class-name="org.uncommons.reportng.JUnitXMLReporter"/>
  </listeners>
  
  <!-- <test thread-count="5" name="Test">
    <classes>
      <class name="activities.Activity1"/>
    </classes>
  </test> -->
   
  <test name="SuiteTests">
 	<parameter name="username" value="admin"></parameter>
 	<parameter name="password" value="password"></parameter>
 	<!--<groups>
 		<run>
 			<include name="HeaderTests"></include>
 			 <include name="ButtonTests"></include>
 		</run>
 	</groups> -->
  	<classes>
  		<class name="suiteExample.Activity4_DemoOne"></class>
  		<class name="suiteExample.Activity4_DemoTwo"></class>
  		<class name="activities.Activity5"></class>
  		<class name="activities.Activity6"></class>
  		<class name="activities.Activity7"></class>
  		<class name="activities.Activity9"></class>
  		<class name="activities.Activity10"></class>
  	</classes>
  </test>
</suite> <!-- Suite -->
